"id","site","job_url","job_url_direct","title","company","location","date_posted","job_type","salary_source","interval","min_amount","max_amount","currency","is_remote","job_level","job_function","listing_type","emails","description","company_industry","company_url","company_logo","company_url_direct","company_addresses","company_num_employees","company_revenue","company_description","skills","experience_range","company_rating","company_reviews_count","vacancy_count","work_from_home_type"
"in-e16d06206bbea74b","indeed","https://br.indeed.com/viewjob?jk=e16d06206bbea74b","https://scaladatacenters.gupy.io/job/eyJqb2JJZCI6OTAzOTE2NSwic291cmNlIjoiaW5kZWVkIn0=?jobBoardSource=indeed","Analista de Operações de Negócios Sr","","Barueri, SP, BR","2026-02-24","","","","","","",False,"","","","","Venha ser um Scaler!  



  

  

**Quem somos?**


A Scala Data Centers é a plataforma líder em data centers sustentáveis no mercado Hyperscale. Com presença estratégica na América Latina e respaldada por investidores globais, desenvolvemos e operamos infraestrutura digital de ponta, combinando **alta eficiência energética, inovação e compromisso com a sustentabilidade** para atender às crescentes demandas por computação em nuvem, inteligência artificial e armazenamento de dados.

 **O que é importante para nós?**


Nosso compromisso vai além da infraestrutura – trabalhamos para criar impacto positivo nas comunidades onde atuamos e para impulsionar um futuro digital mais eficiente e responsável. Somos reconhecidos por operar de forma 100% sustentável e carbono neutro desde nossa fundação, utilizando exclusivamente energia renovável certificada.

 **Nossos Valores**

 **Obsessão pelo Cliente**


Inspirar nossos clientes a repensar o futuro.


Conhecemos profundamente seus negócios e necessidades. Temos senso de urgência, antecipamos impactos e os colocamos no centro da decisão, assim solucionamos seus problemas e superamos suas expectativas.

 **Vigor Empreendedor**


Crescer e expandir com responsabilidade.


Somos adaptáveis e ágeis. Focados em garantir o melhor para a Scala, flexibilizamos e assumimos riscos sem medo de mudar de rota, para sempre entregar mais.

 **Dedicação Hiperescalável**


Executar com disciplina, excelência e velocidade incomparáveis.


Somos consistentes, responsáveis do início ao fim e evoluímos sempre. Cumprimos prazos, identificamos a causa raiz e minimizamos a complexidade, conectamos áreas e fazemos a melhoria contínua.

 **Lealdade Absoluta**


Engajar\\-se de corpo e alma, com ética e transparência, fiéis ao nosso propósito.


Nosso compromisso é inabalável, somos empáticos, colaborativos, compartilhamos informações e não fugimos de conversas difíceis para que a Scala alcance seus objetivos.

 **Nós temos sede de futuro!**

**Se você quer crescer em um ambiente dinâmico, inovador e comprometido com a sustentabilidade, vem para a Scala e faça parte do futuro da infraestrutura digital!**

  

  

**Responsabilidades e atribuições**  

* Criação de Indicadores para medição e avaliação dos processos estabelecidos;
* Criação de Métricas para aferição do modelo de governança estabelecido para a gestão do cliente;
* Garantir que as métricas e indicadores dos Deliverables de contrato estejam aderentes aos SLAs previstos;
* Acompanhar atividades de projetos junto aos times técnicos/operacionais a fim de garantir que as entregas estejam sendo realizadas dentro do prazo previsto/planejado;
* Garantir a satisfação do cliente visando o atingimento de expectativas, bem como atuar de forma pro\\-ativa e com protagonismo nos Programas e Realizar pesquisas de Satisfação do cliente, garantindo os Planos de Ação e o cumprimento de metas e objetivos estabelecidos;
* Garantir a aderência do contrato às políticas de compliance da Scala e do cliente;
* Acompanhar e garantir o cumprimento das ações envolvidas para resolução de Tickets/Incidentes/Problemas junto aos times operacionais que suportam o cliente;
* Garantir que as medições e métricas operacionais que envolvem o processo de faturamento do cliente estejam ocorrendo nos prazos previstos;
* Acompanhar e garantir que os processos de Manutenção Preventiva e Changes ocorram conforme processo estabelecido junto ao cliente;
* Acompanhar as cadências operacionais Scala/Cliente a fim de garantir o acompanhamento das ações derivadas destas cadências até a conclusão definitiva dos temas.

  

**Requisitos e qualificações** **Pré\\-requisitos Essenciais**

  

* Formação superior completa;
* Inglês Avançado;
* Espanhol Avançado;
* ITIL/ITSM;
* Conhecimento de Gestão de DataCenter;
* Gestão de Projetos e Programas;
* Gestão de Contratos;
* Técnicas de Apresentação;
* Microsoft 365;
* Sales Force;
* ServiceNow;
* Experiência mínima de 2 anos na gestão de clientes e rotinas de suporte operacional a negócios;
* Vivência em ambientes de Datacenter e/ou Tecnologia.

 **Diferenciais**

  

* Técnicas de Negociação;
* Análise e Resolução de problemas;
* Estratégia de Negócios;
* Habilidades de Colaboração;
* Gerenciamento de riscos.

  

**Informações adicionais*** **Esta vaga também é destinada a pessoas com deficiência (PcD)**

 **Nossos benefícios:**

  

PLR atrativo;


Plano Odontológico;


Plano Médico;


Vale Refeição e Vale Alimentação no cartão Flash no valor de R$1\\.250,00 ao mês;


Previdência Privada (para os cargos elegíveis);


 Seguro de Vida;


 Auxílio para filhos com deficiência (PCD) \\- apoio financeiro especial para todos os colaboradores CLT que possuem filhos com deficiência, **sem limite de idade**. Um benefício pensado para oferecer mais tranquilidade e suporte para você e sua família.


Wellhub (antigo Gympass);


Day off aniversário \\- um dia de folga no mês do seu aniversário;


Capacitação Profissional: Scala Academy, Programa de Idiomas, LinkedIn Learning.

  

Na **Scala Data Centers**, estamos **liderando a transformação da infraestrutura digital na América Latina**, combinando **inovação, pioneirismo e sustentabilidade** para **\\#HabilitarOFuturo**.


Se você quer crescer em um ambiente dinâmico e de alto impacto, venha fazer parte do time que está construindo o amanhã!","","https://br.indeed.comNone","","","","","","","","","","","",""
"in-2609a5efe715b0af","indeed","https://br.indeed.com/viewjob?jk=2609a5efe715b0af","https://careers.riamoneytransfer.com/jobs/17387824-sr-data-scientist?tm_job=12779&tm_event=view&tm_company=92919","Sr Data Scientist","","Barueri, SP, BR","2026-02-23","fulltime","","","","","",False,"","","","","**Description**


Ria Money Transfer, a business segment of Euronet Worldwide, Inc. (NASDAQ: EEFT), delivers innovative financial services including fast, secure, and affordable global money transfers to millions of customers along with currency exchange, mobile top\\-up, bill payment and check cashing services, offering a reliable omnichannel experience. With over 600,000 locations in nearly 200 countries and territories, our purpose remains to open ways for a better everyday life.  

  

We believe we can create a world in which people are empowered to build the life they dream of, no matter who they are or where they are. One customer, one family, one community at a time.

**ABOUT THE ROLE**


We are seeking a Senior Data Scientist to join our Data Science team. You will play an integral part of the team, providing analytical excellence which will drive both Ria and XE’s strategy. At both Ria and XE, your contributions can be appreciated by millions of people around the world, therefore we are looking for someone who is determined to show the world the power of applied analytics.  

  

The ideal candidate will be passionate about asking and answering questions in large and complex datasets, and you can communicate that passion to business owners and other staff, then this is the role for you.

**RESPONSIBILITIES**

* Develop and deploy machine learning models and statistical analyses to support business objectives.
* Design and document end\\-to\\-end analytical workflows and process maps for scalable data science solutions.
* Build decision engines and rule\\-based systems to automate and optimize business decisions.
* Define, monitor, and report on KPIs for ML products, ensuring alignment with business goals.
* Create and maintain dashboards to visualize model performance, business impact, and operational metrics.
* Conduct exploratory data analysis, hypothesis testing, and model validation.
* Collaborate with product managers, engineers, and business stakeholders to translate requirements into data\\-driven solutions.
* Mentor junior data scientists and contribute to best practices in experimentation, reproducibility, and model governance.
* Communicate findings and recommendations clearly to technical and non\\-technical audiences.
* Stay current with emerging trends and technologies in data science and AI.
* Work on projects such as supervised \\& unsupervised model development.
* Own analytical frameworks that guide the product roadmap.
* Design rigorous experiments and interpret results to draw detailed and actionable conclusions.
* Develop statistical models to extract trends, measure results, and predict future performance of our products and services.
* Build simulations to project impact of various product and policy interventions.
* Enable objective decision making across the company by democratizing data through dashboards and other analytical tools.
* Use expertise in causal inference, machine learning, complex systems modeling, behavioral decision theory etc. to shape the future of Ria and Xe.
* Present findings in a compelling way to influence leadership.
* Support other projects as directed by more senior staff.

**REQUIREMENTS**

* Business acumen \\- understands key challenges facing our business and partners with key stakeholders to find creative ways to apply data science to solve them.
* Analytical skills – identify, measure, and impact the important metrics needed to manage and monitor data quality; able to simplify complex content.
* Attention to detail – appropriately checks all work for errors and does not let important details slip when it comes to data and its accuracy.
* Creative problem solving \\- able to use creativity and curiosity as tools to pick apart any problem, producing a solution which is relevant and realistic.
* Efficiency – able to quickly iterate on data generation and refinement. Looks for ways to improve processes to maximize efficiency and remove redundancy.
* Proactivity – acts without being told what to do at each step; generates novel ideas and processes to drive the business and team forward.

**QUALIFICATIONS**

* Advanced Degree (e.g., MS, PhD, or MBA) in quantitative fields such as Data Science, computer science, Statistics, Mathematics, Operations Research or Engineering.
* Advanced experience developing Machine learning models (supervised, unsupervised).
* Knowledge of a variety of machine learning techniques (clustering, decision tree learning, artificial neural networks, etc.) and their real\\-world advantages/drawbacks.
* Strong programming skills in Python and PySpark. Comfortable in version control tools such as Git and knowledge of cloud environments such as AWS.
* Experienced in working in Big Data Analytical environments/technologies (Hadoop, Spark).
* Ability to write complex, efficient, and eloquent SQL queries to extract data.
* 7\\+ years of related industry experience.
* Excellent knowledge of SQL/NoSQL, comfortable working with relational/nonrelational data models.
* Experience in ML Operations and model deployment is a definite asset.
* Excellent written and oral communication skills in English.
* Highly self\\-motivated and directed.
* Ability to effectively prioritize and execute tasks in a high\\-pressure environment.
* Ability to travel upon request.

**PREFERRED SKILLS**

* Experience with MLOps and deploying models in production environments.
* Familiarity with cloud platforms (AWS, GCP, Azure).
* Understanding of data governance, privacy, and ethical AI.
* Experience working in cross\\-functional product teams.

  

**PERKS \\& BENEFITS**  

* Annual Salary Increase Review
* 30 Days of Vacation Per Year
* Comprehensive Insurance Coverage ( Health, Oncological, Dental, and Life Insurance)
* Meal Allowance
* English Course Subsidy/Language Assistance
* Growth Opportunities","","https://br.indeed.comNone","","","","","","","","","","","",""
"in-1544e0cf4d431a4d","indeed","https://br.indeed.com/viewjob?jk=1544e0cf4d431a4d","https://jobs.quickin.io/addvisor/jobs/699c963eed59890013ecf7af?src=Indeed","Desenvolvedor Full Stack .NET Core e Angular Sênior","","Barueri, SP, BR","2026-02-23","","","","","","",True,"","","","","Desenvolver, manter e otimizar aplicações web utilizando .NET Core e Angular.
  
Implementar novas funcionalidades e melhorias nos sistemas existentes.
  
Criar e manter APIs RESTful e serviços de backend escaláveis.
  
Desenvolver interfaces responsivas e interativas utilizando Angular.
  
Trabalhar em colaboração com outras áreas, como QA, Infraestrutura e Negócio.
  
Diagnosticar e solucionar problemas técnicos de software e banco de dados.
  
Garantir a qualidade do código seguindo boas práticas e padrões estabelecidos.
  
Elaborar e manter documentação técnica dos sistemas desenvolvidos.
  
  

Trabalho 100% Remoto
  
  

**Requisitos:**  

Sólida experiência com desenvolvimento em .NET Core (C\\#)
  
Experiência avançada com Angular (versão 8 ou superior)
  
Conhecimento em Entity Framework, Dapper e LINQ
  
Experiência com desenvolvimento de APIs REST
  
Experiência com bancos de dados relacionais (Oracle)
  
Conhecimento em arquitetura de software, design patterns e boas práticas de desenvolvimento
  
Experiência com controle de versão (Git, SVN, etc.)
  
Boa comunicação e habilidade para trabalhar em equipe.
  
  

**Diferenciais:**  

Conhecimento em integração contínua e entrega contínua (CI/CD)
  
Experiência com Cloud Computing (Azure, AWS, Google Cloud)
  
Conhecimento em Docker e Kubernetes
  
Experiência com metodologias ágeis (Scrum, Kanban)","","https://br.indeed.comNone","","","","","","","","","","","",""
"in-b62ee313443ffb36","indeed","https://br.indeed.com/viewjob?jk=b62ee313443ffb36","https://cpqd.recruitee.com/o/pessoa-analista-de-dados-iii-8?source=Indeed","Pessoa Analista de Dados III","","Campinas, SP, BR","2026-02-23","fulltime","","","","","",False,"","","","","Somos uma organização **100% nacional**, apaixonados pela criação de tecnologia brasileira e focados em soluções e inovações.


Geramos soluções em TIC's (Tecnologia da Informação e Comunicação), que são aplicadas em diversos setores, como: telecom, agronegócios, financeiro, utilities, indústrias, cidades, varejo e serviços de defesa e segurança.


Acreditamos que por meio do **Nosso Jeito de Ser e de Fazer**, atingiremos resultados sustentáveis, contribuindo para o desenvolvimento das nossas pessoas e da sociedade.


Nossos valores definem nossa essência: quem somos, o que nos inspira e nos torna únicos. Eles são o **Nosso Jeito de Ser.**

 **Valores institucionais \\- COCRIAR:**

**C**olaboração

**O**rientação ao cliente

**C**onfiança

**R**espeito

**I**novação

**A**gilidade

**R**esultado


A partir do Nosso Jeito de Ser definimos as competências e os comportamentos que refletem, na prática, o **Nosso Jeito de Fazer** \\- Liderança e Capacidade de Influência, Integração e Cooperação, Escuta Ativa, Ética e Integridade, Inteligência Emocional, Curiosidade e Aprendizado, Pensamento Digital, Pensamento Sistêmico, Resiliência e Flexibilidade, Planejamento e Gerenciamento do Tempo, Geração de Valor, Decisão com Base em Dados


Identifica\\-se com **Nosso Jeito de Ser e de Fazer**? Então venha **COCRIAR** com a gente integrando nosso time como **Pessoa Analista de Dados III**!

 **Quais serão seus desafios no dia\\-a\\-dia:**

* Desenvolver e otimizar pipelines ETL/ELT;
* Implementar arquitetura de dados escalável (datalake, lakehouse ou similar);
* Integrar múltiplas fontes de dados heterogêneas;
* Assegurar governança, rastreabilidade e performance.

**Buscamos alguém com:**

* Experiência com ferramentas de dados;
* Domínio de SQL e experiência com bancos NoSQL;
* Vivência com cloud (AWS, OCI, Azure e/ou GCP);
* Boas práticas de modelagem e integração de dados;
* Experiência com projetos na construção de data lakes, data warehouses e pipelines de dados complexos;
* Proficiência em linguagens de programação como Python e conhecimento avançado em SQL;
* Familiaridade com os conceitos fundamentais de Machine Learning e o ciclo de vida de modelos de IA, entendendo as necessidades de dados para cada etapa;
* Necessário ter disponibilidade para ir ao cliente em Hortolândia.

**O CPQD oferece:**

* Auxílio creche ou babá;
* Assistência médica Unimed;
* Assistência odontológica Uniodonto;
* Auxílio medicamento Vidalink;
* Vale refeição/alimentação;
* Seguro de vida;
* Plano de saúde Pet;
* Gratificação de férias acima da prática do mercado;
* Previdência Privada;
* WellHub;
* Fretado;
* Estacionamento gratuito;
* Crédito consignado;
* Day off no mês do aniversário;
* Emenda de feriados;
* Empresa cidadã: licença maternidade e paternidade estendidas;
* Programa de apoio à Pós\\-Graduação;
* Parcerias e convênios: facilitando opções de saúde, lazer, cultura e educação;
* Programas internos: com foco em desenvolvimento e bem estar.


Temos orgulho de quem somos e acreditamos que isso é resultado da nossa **diversidade**!


Por isso, investimos no nosso programa de Diversidade, Equidade \\& Inclusão: **CPQD\\+**, fortalecendo nossas práticas para equidade de oportunidades independente de raça, gênero, idade, religião, deficiência ou orientação sexual e reafirmamos nosso compromisso em potencializar as diferenças para promover um ambiente de inovação, sustentável e seguro, onde todas as pessoas possam alcançar seu pleno potencial.


Faça parte do nosso time e Conecte\\-se ao Novo.


\\#ConecteseAoNovo \\#Diversidade \\#Tecnologia \\#CPQD","","https://br.indeed.comNone","","","","","","","","","","","",""
"in-c3121dfe9a143633","indeed","https://br.indeed.com/viewjob?jk=c3121dfe9a143633","https://bradesco.csod.com/ux/ats/careersite/1/home/requisition/82109?c=bradesco","Pessoa Desenvolvedora Backend Java JR","","Osasco, SP, BR","2026-02-23","","","","","","",False,"","","","","**Sobre o Bradesco**


O Bradesco é um dos maiores grupos financeiros do Brasil, com uma história marcada pelo pioneirismo e inovação. Por meio da nossa carteira amplamente diversificada de produtos financeiros, serviços bancários e de seguros contribuímos com a realização das pessoas e o crescimento sustentável de empresas e sociedade. Venha fazer parte do nosso ecossistema financeiro e impactar a experiência de milhões de pessoas!


No Bradesco valorizamos a diversidade em todas as suas formas. Por isso, as nossas vagas são abertas a todas as pessoas, independentemente de gênero, raça, orientação sexual, deficiência, idade ou qualquer outra característica.


Saiba mais em https://banco.bradesco/html/classic/sobre/index.shtm


**Responsabilidades e atribuições**


O que é o nosso time de Departamento de Infraestrutura de TI (DITI)?  

  

Temos a missão de garantir a disponibilidade e performance dos serviços e canais de atendimento, por meio de ações automatizadas, com eficiência operacional, aprimorando a experiência dos clientes. Como Analista de Operações TI Sr você irá atuar com protagonismo nas salas de guerra com o intuito de liderar o troubleshooting em Cloud, garantindo a conformidade e boas práticas para salvar guardar nossos procedimentos e agilidade nas resoluções de incidentes.


Modelo de trabalho: Híbrido \\- 1x Presencial


Unidade: Osasco \\- SP


**Como será seu dia a dia?**


Sendo Pessoa Desenvolvedora Backend Java JR, atuará na gerência Engenharia de Plataforma e suas principais atividades serão:

* Habilitar serviços virtualizados para todas as tribos de Negócios do Bradesco;
* Auxiliar com os testes de automação e de performance
* Responsável pela ferramenta Broadcom Service Virtualization e evolução da prática de virtualização de serviços dentro do Banco;
* Atuar com Inteligência Artificial e criação de agentes autônomos para criação automática de serviços virtualizados e analyze de resultados das APIs virtualizadas;
* 

**Requisitos e Qualificações**


O que você precisa ter ou saber?

* Conhecimento em APIs rest, github, IA e desenvolvimento de APIs


Será um diferencial se você tiver:

* Ciências da Computação, Análise de Sistemas, formação ligada a tecnologia

**O que nós oferecemos**


No Bradesco valorizamos a saúde e bem\\-estar, oferecendo um extenso portfólio de benefícios a todas nossas pessoas funcionárias:


* PLR ou Bônus: Conforme a elegibilidade de cargo\\*


* Convênio Médico


* Convênio Odontológico


* Seguro de Vida


* Vale Alimentação


* Vale Refeição


* 13º Cesta Alimentação


* Total Pass


* Vale Transporte (adesão opcional)


* Descontos em produtos e serviços em empresas parceiras


* Previdência Privada (adesão opcional, com participação financeira da Organização Bradesco)


* Viva Bem Bradesco: programa de saúde, bem\\-estar e qualidade de vida


* Unibrad: Universidade Corporativa Bradesco


* Isenção de Tarifas: condições especiais em diversos produtos e serviços


* Auxílio Creche ou Babá


* Licença Paternidade estendida de 20 dias


* Licença Maternidade de 180 dias, acompanhamento assistencial da gestação até o pós\\-parto","","https://br.indeed.comNone","","","","","","","","","","","",""
"in-5ebc4f480d25faaf","indeed","https://br.indeed.com/viewjob?jk=5ebc4f480d25faaf","https://cleartech.vagas.solides.com.br/vaga/797015?origem=indeed","Analista de Sistema Sênior","","Barueri, SP, BR","2026-02-23","","","","","","",False,"","","","","Buscamos um(a) **Analista de Sistemas Sênior** para atuar em uma **plataforma crítica,** altamente orientada à disponibilidade, performance e experiência do cliente. A solução é baseada em **cloud** e exige atuação próxima às áreas de suporte, operações, dados e negócio. Esta posição demanda autonomia, senso de responsabilidade e visão sistêmica, com forte capacidade analítica para atuar tanto na resolução de incidentes quanto na evolução contínua do produto.


Procuramos alguém que **analise, proponha, execute e acompanhe soluções ponta a ponta**, com mentalidade orientada a dados, processos e impacto no cliente.

  

**Perfil Esperado**


* Profissional organizado(a), com forte senso de prioridade, rastreabilidade e cumprimento rigoroso de prazos.
* Capaz de atuar com baixo nível de supervisão, organizando demandas, tomando decisões técnicas e negociando prazos com base em impacto e risco.
* Perfil proativo e hands\\-on, que identifica problemas, levanta hipóteses, valida dados e propõe melhorias sem depender de direcionamento constante.
* Comunicação clara e madura, com habilidade para transitar entre clientes, áreas de negócio e times técnicos.
* Orientação a dados, processos e resultados, com visão além do problema pontual.

**Principais Responsabilidades**


* Atuar no **suporte de segundo nível** de uma solução em produção (ambiente crítico 24x7\\).
* Analisar incidentes por meio de logs, métricas, queries SQL e dados operacionais.
* Executar e revisar **queries avançadas em PostgreSQL** para análise, validação e correção de dados.
* Identificar padrões de falhas e atuar preventivamente, propondo melhorias em processos e sistemas.
* Conduzir análises de causa raiz (RCA) junto aos times internos, contribuindo para a redução recorrente de incidentes.
* Seguir e reforçar processos baseados em ITIL (incidente, problema e mudança).
* Traduzir necessidades em requisitos funcionais e não funcionais claros, testáveis e implementáveis.
* Levantar e definir requisitos de negócio junto a stakeholders internos e clientes.
* Produzir especificações funcionais, casos de uso e manter rastreabilidade das demandas.
* Atuar como referência técnico\\-funcional para o cliente.
* Organizar e manter backlogs de funcionalidades.
* Definir casos e cenários de teste, garantindo cobertura funcional e tratamento de exceções.
* Executar testes de API (Postman).
  

**Competências Técnicas Obrigatórias**


* Experiência sólida em operações e suporte de soluções em produção.
* SQL avançado em PostgreSQL.
* Execução de scripts em Shell ou Python.
* Análise de dados aplicada à tomada de decisão operacional.
* Vivência com processos ITIL.
* Experiência comprovada em levantamento e gestão de requisitos.

**Diferenciais**


* Experiência técnica com serviços AWS.
* Desenvolvimento de scripts em Shell e Python.
* Levantamento de esforços com base em Ponto de Função.
* Experiência atuando como elo entre suporte, produto e desenvolvimento.","","https://br.indeed.comNone","","","","","","","","","","","",""
"in-8db44bf1c36e2e3c","indeed","https://br.indeed.com/viewjob?jk=8db44bf1c36e2e3c","https://sbasite.wd5.myworkdayjobs.com/SBA_Communications_Careers/job/So-Paulo-Brazil-Main-Office/Analista-de-Planejamento-e-Anlise-II_JR102124","Analista de Planejamento e Análise II","","São Paulo, SP, BR","2026-02-23","","","","","","",False,"","","","","**Construa sua carreira com o líder em conectividade global**
=============================================================

**Desde 1989, a SBA Communications tem sido um pilar do setor de telecomunicações sem fio. Hoje, como líder global de capital aberto e integrante do índice S\\&P 500, contamos com uma rede de mais de 40 mil sites de comunicação em mais de 10 países, formando a infraestrutura crítica que conecta milhões de pessoas. Somos a força nos bastidores: a infraestrutura essencial que mantém o mundo conectado.**
===================================================================================================================================================================================================================================================================================================================================================================================================================

**Buscamos profissionais inovadores para integrar o time dinâmico que torna tudo isso possível. Com nossa atuação global, valorizamos a Agilidade, adaptando\\-nos aos mercados locais para entregar resultados consistentes. Ainda assim, nada é construído sozinho. Nossa cultura é guiada pelo princípio de “Time em Primeiro Lugar”, onde cada pessoa importa e colaboramos intensamente para apoiar os objetivos dos nossos clientes. Atuamos com Integridade, garantindo que, independentemente do lugar do mundo onde você esteja, faça parte de uma empresa comprometida em fazer o certo.**
===================================================================================================================================================================================================================================================================================================================================================================================================================================================================================================================================================================================================

**Acreditamos que quem ajuda a construir também deve participar do sucesso. Por isso, na SBA, colaboradores elegíveis têm a oportunidade de participar do nosso futuro coletivo.**
==================================================================================================================================================================================

**Saúde e Bem\\-estar:**
=======================

* **Priorizamos seu bem\\-estar com benefícios de saúde completos, desenvolvidos para apoiar você e sua família, respeitando as necessidades específicas de cada país.**
=====================================================================================================================================================================

**Crescimento:**
================

* **Impulsionamos o seu crescimento por meio de oportunidades de desenvolvimento profissional, treinamentos e programas de capacitação que fortalecem sua trajetória e ampliam seu potencial.**
=============================================================================================================================================================================================


O Analista de Planejamento e Análise II dará suporte ao departamento de Planejamento e Análise na criação e manutenção de diversos modelos, análises e estudos que, em última análise, orientam decisões críticas de negócios. Essa função exigirá a atuação como elo entre as operações da unidade de negócios, os departamentos internos e a liderança da equipe internacional, participando da criação e manutenção de painéis, relatórios e gráficos para avaliar o desempenho.

**O que você fará:**

* Desenvolver um profundo conhecimento do negócio, identificando claramente os diferentes impactos que configurações, cenários e acordos têm nas demonstrações financeiras e na estratégia geral da empresa.
* Apoiar as decisões estratégicas da alta administração com análises e apresentações abrangentes, combinando ciência de dados com perspicácia financeira; auxiliar no desenvolvimento e implementação de soluções para apoiar iniciativas estratégicas.
* Manter modelos financeiros e de negócios abrangentes e complexos.
* Preparar análises financeiras e estudos estatísticos utilizando ferramentas e estruturas consolidadas.
* Trabalhar com os usuários finais dos modelos para identificar atualizações, revisões ou melhorias necessárias e comunicá\\-las corretamente ao Diretor.
* Trabalhar com o Analista Sênior em fusões e aquisições, avaliações e outras atividades que exigem análise financeira.
* Coletar e formatar dados de clientes, concorrentes, setores, macroeconomia e outros relatórios relevantes para auxiliar na criação do painel estratégico.
* Realizar pesquisas e análises constantes de tendências e práticas do setor e do mercado local, bem como do plano atual, para elaborar recomendações de melhoria e aprimoramento do planejamento.
* Preparar relatórios executivos semanais e mensais, incluindo indicadores\\-chave de desempenho.
* Trabalhar com a equipe da unidade de negócios para analisar indicadores\\-chave de desempenho (KPIs), compará\\-los com benchmarks e coletar dados para avaliar variações.
* Manter diversos modelos financeiros, operacionais e estratégicos para auxiliar os executivos da Organização Internacional no planejamento e execução de iniciativas de crescimento, na compreensão das forças do mercado internacional e no fornecimento de dados sobre os mercados internacionais de telecomunicações.
* Apoiar o líder da equipe, trabalhando em estreita colaboração com as operações internacionais e outros departamentos como parte de uma equipe multidisciplinar para avaliar tendências atuais e passadas em KPIs, destacando tendências e analisando as causas de variações inesperadas.
* Avaliar grandes conjuntos de dados, organizando, formatando e limpando conforme necessário para fornecer material para análise. Pesquisar fontes de dados internas e externas e preparar recomendações para extração de dados para estudos analíticos.
* Aprender sobre as características e requisitos dos sistemas e repositórios de dados e trabalhar com as filiais da empresa para garantir a precisão e consistência dos dados. Identificar causas e soluções para problemas de qualidade de dados.
* Apoiar o desenvolvimento de modelos de inteligência de negócios, realizando análises de mineração de dados e avaliando modelos de dados.
* Extrair, transformar e carregar dados de diversas fontes usando SQL e tecnologias de Big Data do Azure. Combinar diferentes pontos de dados nos repositórios de dados da SBA e criar novos relatórios conforme necessário.
* Auxiliar no desenvolvimento e implementação de bancos de dados, sistemas de coleta de dados, análise de dados e outras estratégias que otimizem a eficiência e a qualidade estatística.
* Resolver problemas pontuais.
* Auxiliar outros membros da equipe na coleta de dados de diversas fontes e na preparação de conjuntos de dados para análise.
* Preparar e dar suporte aos dados para a reunião do Conselho e da Diretoria Executiva.
* Outros projetos e tarefas conforme atribuídas.

**Formação:**

* Superior em engenharia, administração, finanças ou áreas correlacionadas – desejável

**O que você precisa ter:**

* Experiência em Operações de Negócios, Análise ou Planejamento – Necessária
* Proficiência avançada no pacote Microsoft Office – Necessária

**Idioma:**

* Inglês avançado ou fluente – Necessário (será avaliado na entrevista)

**Benefícios oferecidos:**

* Vale refeição e alimentação;
* Assistência médica e odontológica;
* Seguro de vida;
* Wellhub;
* Reembolso para curso de inglês;
* Auxílio creche;
* Lyra (Programa de Apoio ao colaborador)
* PLR
* E outros.


 \\#LI\\-VG1","","https://br.indeed.comNone","","","","","","","","","","","",""
"in-b6186953b1658cd9","indeed","https://br.indeed.com/viewjob?jk=b6186953b1658cd9","https://app.eureca.me/vagas/3747?selected-job-id=3747?utm_source=Indeed&utm_medium=vaga&utm_campaign=rumo.04.est&utm_content=","Estágio em Tecnologia - Sistemas Ferroviários","","Indaiatuba, SP, BR","2026-02-23","internship","","","","","",False,"","","","","**Prazo para inscrição:** 10/02/2026 à 03/03/2026

**Cursos:** Bacharelado \\- Análise e desenvolvimento de sistemas, Arquitetura de software, Automação, Ciência da computação, Ciência da informação, Ciência de dados, Ciência e engenharia de dados, Ciência, tecnologia e inovação, Ciências da informação, Ciências e tecnologia, Computação, \\- Desenvolvimento de sistema, Engenharia, Engenharia computacional, Engenharia de computação, Engenharia de automação, Engenharia de controle e automação, Engenharia de informação, Engenharia mecatrônica, Engenharia de produção, Engenharia de redes de comunicação, Engenharia de sistemas, Engenharia de software, Engenharia de telecomunicações, Engenharia elétrica, Engenharia eletrônica, Engenharia eletrotécnica, Engenharia em sistemas digitais, Engenharia mecânica, Engenharia ferroviária, Informática, Inovação, ciência e tecnologia, Sistema de informação, Sistemas de computação, Sistemas de informação, Tecnologia da informação, Tecnologias da informação e comunicação, Tecnologias digitais. Tecnólogo \\- Tecnologia da informação, Análise de dados, \\- Automação, Análise de sistemas, Computação, Mecatrônica, Sistema de informação

**Data de formação:** 07/2027 até 07/2028

**Horário:** Presencial, turno matutino e horário a combinar

**Localidade da Vaga:** Indaiatuba (SP)

Se você gosta de tecnologia, dados e sistemas críticos, essa vaga é para você. Aqui, você vai atuar no coração da operação ferroviária, apoiando sistemas essenciais e aprendendo na prática como tecnologia e operação caminham juntas.

**Sobre a vaga**  
A pessoa estagiária irá atuar no suporte técnico e analítico aos sistemas ferroviários, com foco em tecnologia aplicada à operação. O dia a dia envolve análise de dados operacionais, acompanhamento de integrações entre sistemas críticos e apoio a testes, relatórios e projetos.

É uma excelente oportunidade para desenvolver visão sistêmica, raciocínio analítico e contato direto com áreas técnicas, operação, engenharia e fornecedores, em um ambiente dinâmico e de alta responsabilidade.

**Atividades do dia a dia**

* Apoiar na análise de dados operacionais e logs de sistemas ferroviários (PTC, sistemas de bordo, despacho e restrições).
* Acompanhar integração entre sistemas, identificando falhas, inconsistências e oportunidades de melhoria.
* Auxiliar na elaboração de relatórios técnicos, status reports e materiais de acompanhamento de projetos.
* Apoiar testes de sistemas, validações em ambiente controlado e pilotos operacionais.
* Manter interface com áreas técnicas, operação, engenharia e fornecedores para levantamento de informações.
* Organizar e documentar processos, regras de sistema e aprendizados técnicos.
* Atuar em ambientes de sistemas críticos, garantindo precisão e confiabilidade operacional.

**Requisitos**

Noções de programação ou lógica de programação;

Compreensão básica de funcionamento de sistemas e integrações;

Conhecimento em ferramentas de comunicação corporativa (e\\-mail, Teams, WhatsApp corporativo);

Conhecimento básico em Python, SQL ou scripts simples (desejável);

Interesse por tecnologia aplicada à operação, logística ou ambientes críticos (desejável);

Inglês técnico em nível leitura/intermediário (desejável);

Facilidade para leitura e interpretação de documentação técnica (desejável);

Microsoft Office \\- Avançado;

Microsoft Excel \\- Avançado;

Inglês Intermediário

Tipo de vaga: Estágio

Pagamento: R$1\\.750,00 \\- R$1\\.950,00 por mês

Benefícios:

* Assistência médica
* Assistência odontológica
* Seguro de vida
* Vale\\-alimentação
* Vale\\-refeição
* Vale\\-transporte

Local do trabalho: Presencial","","https://br.indeed.comNone","","","","","","","","","","","",""
"in-09dbf73f72bb971e","indeed","https://br.indeed.com/viewjob?jk=09dbf73f72bb971e","https://app.eureca.me/vagas/3765?selected-job-id=3765?utm_source=Indeed&utm_medium=vaga&utm_campaign=rumo.04.est&utm_content=","Estágio em Jurídico Trabalhista","","Indaiatuba, SP, BR","2026-02-23","internship","","","","","",False,"","","","","**Prazo para inscrição:** 10/02/2026 à 03/03/2026

**Modelo e local de trabalho:** Estágio\\| Híbrido \\- 3 dias\\| Indaiatuba \\- SP\\| 30 horas l Horário a combinar

**Tipos de curso:** Bacharelado

**Disponível para todos os cursos**

**Data de formação:** Entre 07/2027 e 07/2028

Se você tem interesse em Direito Trabalhista e busca uma oportunidade para desenvolver suas habilidades em um ambiente corporativo dinâmico, o Estágio Jurídico Trabalhista na Rumo Logística é a oportunidade ideal para você.

**Sobre a vaga**  
A área jurídica trabalhista é responsável por apoiar a gestão de processos e escritórios parceiros, garantindo o cumprimento das obrigações legais e a condução eficiente de processos trabalhistas. O estagiário auxiliará em diversas atividades, incluindo controle de audiências, consultas e interface com diferentes áreas internas e escritórios de advocacia.

**Atividades**

* Auxiliar na gestão de escritórios de advocacia parceiros;
* Apoiar no controle e confecção de pautas de audiências e perícias;
* Elaborar apresentações relacionadas a processos trabalhistas;
* Controlar dados internos referentes a projetos e processos trabalhistas;
* Auxiliar em consultas jurídicas e direcionamento de ofícios;

**Requisitos**

Proatividade;

Iniciativa;

Trabalho em equipe;

Conhecimento em Power Bi e em Inteligência artificial (desejável);

Inglês (desejável);

Microsoft Excel \\- Intermediário;

Microsoft Office \\- Avançado

Tipo de vaga: Estágio

Pagamento: R$1\\.750,00 \\- R$1\\.950,00 por mês

Benefícios:

* Assistência médica
* Assistência odontológica
* Seguro de vida
* Vale\\-alimentação
* Vale\\-refeição
* Vale\\-transporte

Local do trabalho: Remoto híbrido para Indaiatuba, SP","","https://br.indeed.comNone","","","","","","","","","","","",""
"in-76827bf26a36aa5e","indeed","https://br.indeed.com/viewjob?jk=76827bf26a36aa5e","https://app.eureca.me/vagas/3748?selected-job-id=3748?utm_source=Indeed&utm_medium=vaga&utm_campaign=rumo.04.est&utm_content=","Estágio em Dados e Performance","","Indaiatuba, SP, BR","2026-02-23","internship","","","","","",False,"","","","","**Prazo para inscrição:** 10/02/2026 à 03/03/2026

**Cursos:** Bacharelado \\- Administração, Engenharia biotecnológica, Economia, Ciências contábeis

Tecnólogo \\- Ciência de dados

**Data de formação:** 07/2027 até 07/2028

**Horário:** Híbrido (3x presencial), turno vespertino, 13h às 19h

**Localidade da Vaga:** Indaiatuba (SP)

Se você gosta de dados, organização e quer entender como indicadores viram decisões, essa vaga é para você. Aqui, você vai apoiar análises, estruturar informações e desenvolver uma visão prática de controle e performance no dia a dia do negócio.

**Sobre a vaga**  
O estágio oferece contato direto com indicadores, bases de dados e processos da área, apoiando analistas e a coordenação na consolidação de informações e acompanhamento de resultados. É uma excelente oportunidade para desenvolver capacidade analítica, organização e visão crítica sobre desempenho e melhoria contínua.

**Atividades do dia a dia**

* Preencher e atualizar bases de controle, BI’s e apresentações da área
* Apoiar analistas e coordenação no acompanhamento de indicadores e processos
* Consolidar informações de diferentes áreas, garantindo qualidade e prazos
* Apoiar a análise de dados para identificação de desvios e oportunidades de melhoria

**Requisitos**

Organização;

Responsabilidade com prazos;

Atenção aos detalhes;

Capacidade analítica;

Boa comunicação;

Proatividade;

Interesse em aprendizado na área de controle e performance (diferencial);

Microsoft Office \\- Intermediário,

Python \\- Básico,

VBA \\- Básico,

Microsoft PowerBI \\- Básico

Inglês \\- Básico (desejável)

Tipo de vaga: Estágio

Pagamento: R$1\\.750,00 \\- R$1\\.950,00 por mês

Benefícios:

* Assistência médica
* Assistência odontológica
* Seguro de vida
* Vale\\-alimentação
* Vale\\-refeição
* Vale\\-transporte

Local do trabalho: Remoto híbrido para Indaiatuba, SP","","https://br.indeed.comNone","","","","","","","","","","","",""
"in-e97c35a3f01951e2","indeed","https://br.indeed.com/viewjob?jk=e97c35a3f01951e2","http://br.indeed.com/job/assistente-de-e-commerce-e97c35a3f01951e2","Assistente de E-commerce","","Sorocaba, SP, BR","2026-02-23","","","","","","",False,"","","","","\\- Gestão de Portfólio Digital: Cadastrar produtos de forma impecável em diversas plataformas (Mercado Livre, Shopee, Amazon, Magalu, e outras), criando descrições otimizadas, especificações técnicas detalhadas e definindo preços competitivos. Aplicará técnicas de SEO para otimizar títulos e descrições, pensando na visibilidade e no ranqueamento dos nossos produtos nos mecanismos de busca e marketplaces. Edição básica de imagens será parte da sua rotina.

\\- Controle de Estoque Inteligente: Monitorar e atualizar o estoque virtual, assegurando que o que está disponível online reflete a realidade do físico. Monitorar a saúde da conta, gerenciar reclamações e garantir um tempo de resposta ágil, construindo um relacionamento sólido com os clientes. Zero frustrações para nossos clientes!

\\- Performance Marketing: Será responsável por criar, gerenciar e otimizar campanhas de Product Ads/Display no Mercado Ads. Se você respira tráfego pago, aqui é o seu lugar para fazer a diferença!

O que buscamos:

Alguém comprometido em aprender, responsável e colaborativo. Em busca de desafios.

Conhecimento:

\\- prática gerenciando contas Platinum ou Lojas Oficiais no Mercado Livre será um grande diferencial.

\\- Mercado Ads.

\\- Inteligência Artificial aplicada ao e\\-commerce será um diferencial competitivo incrível.

\\- Trafego pago.

\\#\\#\\# O que oferecemos para você:

\\- Remuneração: Salário \\+ comissão por resultados.

Tipo de vaga: Efetivo CLT

Pagamento: R$1\\.900,00 \\- R$2\\.200,00 por mês

Benefícios:

* Assistência médica
* Auxílio\\-combustível
* Convênios e descontos comerciais
* Seguro de vida
* Vale\\-refeição
* Vale\\-transporte

Pergunta(s) de seleção:

* Qual sua pretensão salarial?

Local do trabalho: Presencial","","https://br.indeed.comNone","","","","","","","","","","","",""
"in-4c29d2ceb7df8273","indeed","https://br.indeed.com/viewjob?jk=4c29d2ceb7df8273","https://cnpem.gupy.io/job/eyJqb2JJZCI6MTA4ODcwNDMsInNvdXJjZSI6ImluZGVlZCJ9?jobBoardSource=indeed","Estágio de Nível Superior (Desenvolvimento de software/web/DB e ferramentas Microsoft – 419498)","","Campinas, SP, BR","2026-02-23","parttime, internship","","","","","",False,"","","","","Para atuar no grupo de Gestão, Planejamento e Processos (GPP) do Laboratório Nacional de Luz Sincrotron (LNLS)

  

O grupo GPP é parte do LNLS, laboratório responsável pelo SIRIUS e pelas linhas de luz que se integrarão ao futuro ORION. A equipe é composta atualmente por 11 integrantes (incluindo o líder) e está ligada à diretoria da unidade, prestando suporte a ela e a todas as equipes técnicas e científicas em temas ligados à gestão de projetos ou operação. O grupo atua em atividades de gestão no âmbito de projetos, orçamento e aquisições, além de manter e desenvolver atividades de business intelligence e gestão do conhecimento, estruturando informações e relatórios. Isso permite que a equipe consiga dar suporte nas decisões estratégicas da diretoria e na condução das ações necessárias para executar a missão da unidade.


A área de documentação unificada é responsável por elaborar, implementar e manter as plataformas e ferramentas de software do laboratório. Tais soluções fazem o registro e gestão de informações dos projetos em andamento, bem como da instalação, operação e manutenção dos aceleradores e linhas de luz. O candidato integrará essa área.

 **Responsabilidades e atribuições**  

* Auxílio no gerenciamento de sites e equipes em SharePoint e Teams
* Participação na implantação de um novo repositório de documentos internos (webdev, front e back\\-end)
* Participação no desenvolvimento de ferramentas em ambientes Windows e Linux (high\\-code)
* Atendimento de chamados técnicos
* Interação multidisciplinar com outros grupos internos

 **Requisitos e qualificações** **Requisitos:**

* Cursando superior em Engenharias de Software, da Computação ou Controle e Automação. Sistemas da Informação, Desenvolvimento de Sistemas, Ciência de Dados e cursos correlatos;
* Inglês Intermediário.

 **Desejável:**

* Conhecimentos em: ambientes linux, desenvolvimento web (front\\-end e back\\-end, javascript, node.js), linguagens python e bash, versionamento Git, banco de dados e conteinerização.

 **Informações adicionais**  

* Bolsa de nível superior: R$ 1\\.870,00 para 30 horas semanais;
* Bolsa de nível técnico: R$1\\.230,00 para 30 horas semanais;
* Assistência Médica – Unimed;
* Assistência Odontológica – Uniodonto;
* Assistência Psicológica \\- Telavita;
* Seguro de Vida – Allianz;
* Restaurante no local;
* Vale Alimentação – Pluxee (R$425,00/mês);
* Fretado;
* Vale Transporte;
* Estacionamento no local;
* Clube – Associação SESC gratuita;
* Convênios com empresas que oferecem descontos.

 **Reafirmamos nosso compromisso com a diversidade, equidade e inclusão, incentivando a candidatura de pessoas com deficiência, neurodivergentes, mulheres, LGBTI\\+, de diversas etnias, gerações e corpos, além de outros grupos socialmente marginalizados.**

  

No Centro Nacional de Pesquisa em Energia e Materiais (CNPEM), somos movidos pela paixão pela ciência. Nosso ambiente é um vibrante centro de pesquisa e desenvolvimento, onde profissionais de diversas especialidades se conectam para enfrentar desafios complexos e criar soluções para problemas relevantes, especialmente nas áreas de saúde, energia, materiais renováveis e sustentabilidade.

  

Somos uma Organização Social supervisionada pelo Ministério da Ciência, Tecnologia e Inovação (MCTI), na vanguarda da pesquisa científica no Brasil. Somos responsáveis pelo Sirius, a maior infraestrutura científica já construída no País, e atualmente, desenvolvemos o projeto Orion, um complexo laboratorial dedicado a pesquisas avançadas em patógenos, que estará disponível para a comunidade científica nacional e internacional.

  

Oferecemos uma ampla gama de oportunidades de carreira para profissionais de diferentes perfis. No CNPEM, conduzimos pesquisas de ponta que abrangem nanotecnologia, biociências, biotecnologia, biorrenováveis, instrumentação científica e física de aceleradores, conduzidas, respectivamente, pelos Laboratórios Nacionais de Nanotecnologia (LNNano), Biociências (LNBio), Biorrenováveis (LNBR) e Luz Síncrotron (LNLS). Essas iniciativas são fortalecidas por projetos tecnológicos desafiadores e pela busca de soluções na fronteira das engenharias, liderados pela Diretoria Adjunta de Tecnologia (DAT).

  

Todo esse ecossistema é sustentado por uma rede integrada de áreas estratégicas que inclui tecnologia da informação, comunicação, gestão de projetos, assessoria jurídica \\& compliance, recursos humanos, finanças, compras, sustentabilidade e inovação, alocadas entre Diretoria Geral (DG) e Diretoria de Serviços Compartilhados (DSC). A Diretoria Adjunta de Infraestrutura (DAI) assegura a manutenção das instalações, o suporte à engenharia e o desenvolvimento arquitetônico, criando condições ideais para o avanço de todas as atividades.

  

A Ilum Escola de Ciência complementa essas frentes com um curso de bacharelado em Ciência e Tecnologia, oferecendo uma formação inovadora que prepara novas gerações de cientistas para os desafios do futuro.

  

Acreditamos que o sucesso é alcançado por meio de dedicação, colaboração e propósito claro. Valorizamos o desenvolvimento contínuo dos nossos profissionais e estudantes, oferecendo um ambiente inspirador e favorável para o crescimento profissional e pessoal.

  

Estamos comprometidos com a sustentabilidade e buscamos soluções que promovam um futuro mais verde. Prezamos pelo cuidado e bem\\-estar de nossos colaboradores, ao mesmo tempo em que valorizamos a diversidade e promovemos um ambiente inclusivo, onde todas as pessoas são bem\\-vindas e respeitadas.

 **Se você é apaixonado por ciência e busca um lugar onde você possa fazer a diferença, junte\\-se a nós no CNPEM.**","","https://br.indeed.comNone","","","","","","","","","","","",""
"in-a957d0c7776218aa","indeed","https://br.indeed.com/viewjob?jk=a957d0c7776218aa","https://cnpem.gupy.io/job/eyJqb2JJZCI6MTA4ODY5MTQsInNvdXJjZSI6ImluZGVlZCJ9?jobBoardSource=indeed","Estágio de Nível Superior (Desenvolvimento de software/web/DB em Linux – 419497)","","Campinas, SP, BR","2026-02-23","parttime, internship","","","","","",False,"","","","","Para atuar no grupo de Gestão, Planejamento e Processos (GPP) do Laboratório Nacional de Luz Sincrotron (LNLS)

  

O grupo GPP é parte do LNLS, laboratório responsável pelo SIRIUS e pelas linhas de luz que se integrarão ao futuro ORION. A equipe é composta atualmente por 11 integrantes (incluindo o líder) e está ligada à diretoria da unidade, prestando suporte a ela e a todas as equipes técnicas e científicas em temas ligados à gestão de projetos ou operação. O grupo atua em atividades de gestão no âmbito de projetos, orçamento e aquisições, além de manter e desenvolver atividades de business intelligence e gestão do conhecimento, estruturando informações e relatórios. Isso permite que a equipe consiga dar suporte nas decisões estratégicas da diretoria e na condução das ações necessárias para executar a missão da unidade.


A área de documentação unificada é responsável por elaborar, implementar e manter as plataformas e ferramentas de software do laboratório. Tais soluções fazem o registro e gestão de informações dos projetos em andamento, bem como da instalação, operação e manutenção dos aceleradores e linhas de luz. O candidato integrará essa área.

 **Responsabilidades e atribuições**  

* Participação no aprimoramento e customização de ferramenta web (front e back\\-end) tipo Wiki em ambiente Linux (high\\-code)
* Auxílio no desenvolvimento de ferramentas de software para documentação interna
* Atendimento de chamados técnicos internos
* Interação multidisciplinar com diversos grupos.

 **Requisitos e qualificações** **Requisitos:**

* Cursando superior em Engenharias de Software, da Computação ou Controle e Automação. Sistemas da Informação, Desenvolvimento de Sistemas, Ciência de Dados e cursos correlatos;
* Conhecimentos em: ambientes linux, desenvolvimento web (front\\-end e back\\-end, javascript, node.js), versionamento Git, banco de dados;
* Inglês Intermediário.

 **Desejável:**

* Linguagens python e bash;
* Conteinerização.

 **Informações adicionais**  

**Nossos Benefícios**  



  

Bolsa de nível superior: R$ 1\\.870,00 para 30 horas semanais;


Bolsa de nível técnico: R$1\\.230,00 para 30 horas semanais;


Assistência Médica – Unimed


Assistência Odontológica – Uniodonto


Assistência Psicológica – Telavita


Seguro de Vida – Allianz


Restaurante no local


Vale Alimentação e/ou Refeição – Pluxee (R$510,00/mês)


Fretado


Vale Transporte


Estacionamento no local


Clube – Associação SESC gratuita


Convênios com empresas que oferecem descontos

 **Reafirmamos nosso compromisso com a diversidade, equidade e inclusão, incentivando a candidatura de pessoas com deficiência, neurodivergentes, mulheres, LGBTI\\+, de diversas etnias, gerações e corpos, além de outros grupos socialmente marginalizados.**

  

No Centro Nacional de Pesquisa em Energia e Materiais (CNPEM), somos movidos pela paixão pela ciência. Nosso ambiente é um vibrante centro de pesquisa e desenvolvimento, onde profissionais de diversas especialidades se conectam para enfrentar desafios complexos e criar soluções para problemas relevantes, especialmente nas áreas de saúde, energia, materiais renováveis e sustentabilidade.

  

Somos uma Organização Social supervisionada pelo Ministério da Ciência, Tecnologia e Inovação (MCTI), na vanguarda da pesquisa científica no Brasil. Somos responsáveis pelo Sirius, a maior infraestrutura científica já construída no País, e atualmente, desenvolvemos o projeto Orion, um complexo laboratorial dedicado a pesquisas avançadas em patógenos, que estará disponível para a comunidade científica nacional e internacional.

  

Oferecemos uma ampla gama de oportunidades de carreira para profissionais de diferentes perfis. No CNPEM, conduzimos pesquisas de ponta que abrangem nanotecnologia, biociências, biotecnologia, biorrenováveis, instrumentação científica e física de aceleradores, conduzidas, respectivamente, pelos Laboratórios Nacionais de Nanotecnologia (LNNano), Biociências (LNBio), Biorrenováveis (LNBR) e Luz Síncrotron (LNLS). Essas iniciativas são fortalecidas por projetos tecnológicos desafiadores e pela busca de soluções na fronteira das engenharias, liderados pela Diretoria Adjunta de Tecnologia (DAT).

  

Todo esse ecossistema é sustentado por uma rede integrada de áreas estratégicas que inclui tecnologia da informação, comunicação, gestão de projetos, assessoria jurídica \\& compliance, recursos humanos, finanças, compras, sustentabilidade e inovação, alocadas entre Diretoria Geral (DG) e Diretoria de Serviços Compartilhados (DSC). A Diretoria Adjunta de Infraestrutura (DAI) assegura a manutenção das instalações, o suporte à engenharia e o desenvolvimento arquitetônico, criando condições ideais para o avanço de todas as atividades.

  

A Ilum Escola de Ciência complementa essas frentes com um curso de bacharelado em Ciência e Tecnologia, oferecendo uma formação inovadora que prepara novas gerações de cientistas para os desafios do futuro.

  

Acreditamos que o sucesso é alcançado por meio de dedicação, colaboração e propósito claro. Valorizamos o desenvolvimento contínuo dos nossos profissionais e estudantes, oferecendo um ambiente inspirador e favorável para o crescimento profissional e pessoal.

  

Estamos comprometidos com a sustentabilidade e buscamos soluções que promovam um futuro mais verde. Prezamos pelo cuidado e bem\\-estar de nossos colaboradores, ao mesmo tempo em que valorizamos a diversidade e promovemos um ambiente inclusivo, onde todas as pessoas são bem\\-vindas e respeitadas.

 **Se você é apaixonado por ciência e busca um lugar onde você possa fazer a diferença, junte\\-se a nós no CNPEM.**","","https://br.indeed.comNone","","","","","","","","","","","",""
"in-2d051b39d385d442","indeed","https://br.indeed.com/viewjob?jk=2d051b39d385d442","https://albierieassociados.gupy.io/job/eyJqb2JJZCI6MTA4NzA5OTQsInNvdXJjZSI6ImluZGVlZCJ9?jobBoardSource=indeed","AUXILIAR ADMINISTRATIVO - SOROCABA","","Sorocaba, SP, BR","2026-02-23","","","","","","",False,"","","","","**Sobre nós:**


Albieri e Associados agora é Andersen Consulting Brasil.

  

Temos o orgulho de anunciar que agora somos Andersen Consulting, uma organização global presente em 66 países, com mais de 3\\.000 profissionais ao redor do mundo.

  

A Andersen Consulting é uma prática global de consultoria que integra estratégia empresarial, transformação digital e soluções tecnológicas impulsionadas por inteligência artificial, aliadas à reconhecida expertise da Andersen Global nas áreas tributária, jurídica, de valuation e mobilidade internacional.

 **Responsabilidades e atribuições**  

* Executar processos de faturamento no sistema para transferência entre os estabelecimentos, remessa, venda para clientes, intercompany e devolução.
* Verificar necessidade de recolhimento antecipado de ICMS e PIN\\-SUFRAMA
* Realizar Impressão e conferência de MDFe
* Alimentar planilhas Excel de controle do departamento
* Conferir o documento fiscal emitido frente ao documento de transporte, com o intuito de não liberar notas destinadas a clientes/ e outras localidades
* Garantir que as saídas estejam suportadas pela DANFE e quando aplicável MDF\\-e, GNRE ou Pin Suframa e CTe.
* Emitir carta de correção (placa, lacre e dados adicionais) quando necessário
* Executar o procedimento de cancelamento de notas fiscais, verificando as questões fiscais aplicáveis

  

**Requisitos e qualificações**  

* Conhecimento em atividades administrativas e recebimento fiscal.

  

**Informações adicionais** **Benefícios:**

  

* Bonificação por indicação de novos colaboradores ou clientes;
* VT
* VR
* Assistência Médica
* Assistência Odontológica
* Seguro de Vida em Grupo
* Incentivo Educacional
* Auxilio Creche

 *Deu Match? Candidate\\-se e venha fazer parte da solução, venha fazer parte de nossa equipe!*

  

Albieri e Associados agora é Andersen Consulting Brasil.

  

Temos o orgulho de anunciar que agora somos Andersen Consulting, uma organização global presente em 66 países, com mais de 3\\.000 profissionais ao redor do mundo.

  

A Andersen Consulting é uma prática global de consultoria que integra estratégia empresarial, transformação digital e soluções tecnológicas impulsionadas por inteligência artificial, aliadas à reconhecida expertise da Andersen Global nas áreas tributária, jurídica, de valuation e mobilidade internacional.","","https://br.indeed.comNone","","","","","","","","","","","",""
"in-7cc526ace272fb0a","indeed","https://br.indeed.com/viewjob?jk=7cc526ace272fb0a","https://scaladatacenters.gupy.io/job/eyJqb2JJZCI6MTA2ODMxMzEsInNvdXJjZSI6ImluZGVlZCJ9?jobBoardSource=indeed","Especialista de Tesouraria – Corporate Finance","","Barueri, SP, BR","2026-02-23","","","","","","",False,"","","","","Venha ser um Scaler!  



  

  

**Quem somos?**


A Scala Data Centers é a plataforma líder em data centers sustentáveis no mercado Hyperscale. Com presença estratégica na América Latina e respaldada por investidores globais, desenvolvemos e operamos infraestrutura digital de ponta, combinando **alta eficiência energética, inovação e compromisso com a sustentabilidade** para atender às crescentes demandas por computação em nuvem, inteligência artificial e armazenamento de dados.

 **O que é importante para nós?**


Nosso compromisso vai além da infraestrutura – trabalhamos para criar impacto positivo nas comunidades onde atuamos e para impulsionar um futuro digital mais eficiente e responsável. Somos reconhecidos por operar de forma 100% sustentável e carbono neutro desde nossa fundação, utilizando exclusivamente energia renovável certificada.

 **Nossos Valores**

 **Obsessão pelo Cliente**


Inspirar nossos clientes a repensar o futuro.


Conhecemos profundamente seus negócios e necessidades. Temos senso de urgência, antecipamos impactos e os colocamos no centro da decisão, assim solucionamos seus problemas e superamos suas expectativas.

 **Vigor Empreendedor**


Crescer e expandir com responsabilidade.


Conhecemos profundamente seus negócios e necessidades. Temos senso de urgência, antecipamos impactos e os colocamos no centro da decisão, assim solucionamos seus problemas e superamos suas expectativas. Somos adaptáveis e ágeis. Focados em garantir o melhor para a Scala, flexibilizamos e assumimos riscos sem medo de mudar de rota, para sempre entregar mais.

 **Dedicação Hiperescalável**


Executar com disciplina, excelência e velocidade incomparáveis.


Somos consistentes, responsáveis do início ao fim e evoluímos sempre. Cumprimos prazos, identificamos a causa raiz e minimizamos a complexidade, conectamos áreas e fazemos a melhoria contínua.

 **Lealdade Absoluta**


Engajar\\-se de corpo e alma, com ética e transparência, fiéis ao nosso propósito.


Nosso compromisso é inabalável, somos empáticos, colaborativos, compartilhamos informações e não fugimos de conversas difíceis para que a Scala alcance seus objetivos.

 **Nós temos sede de futuro!**

**Se você quer crescer em um ambiente dinâmico, inovador e comprometido com a sustentabilidade, vem para a Scala e faça parte do futuro da infraestrutura digital!**

  

  

**Responsabilidades e atribuições**  

* Planejar e executar estratégias de funding, endividamento e garantias, alinhadas às diretrizes corporativas.
* Desenvolver e manter relacionamento com instituições financeiras, auditorias e áreas internas estratégicas.
* Implementar melhorias e automações para aumentar eficiência e fortalecer a governança financeira.
* Realizar análises estratégicas para otimização da estrutura de capital e cálculo de covenants.
* Conduzir processos de Due Diligence em interface direta com assessores externos.
* Preparar e revisar documentos legais (contratos, termos, memorandos) e apoiar estratégias de negociação.
* Elaborar relatórios financeiros para suporte à tomada de decisão.
* Negociar melhores condições para captações e investimentos junto a instituições financeiras.
* Contribuir para análises de risco de liquidez e risco de taxa de juros.
* Executar operações de hedge com derivativos, quando necessário, garantindo a efetividade e documentação conforme hedge accounting.
* Preparar apresentações para investidores e bancos.

  

**Requisitos e qualificações** **Pré\\-requisitos Essenciais**

  

* Ensino superior em Engenharia, Economia, Administração de Empresas ou áreas afins;
* Experiência prévia em posições de Corporate Finance, preferencialmente em empresas do setor de infraestrutura;
* Conhecimento avançado em Corporate Finance (especialmente Project Finance) e Modelagem Financeira;
* Inglês avançado (oral e escrito).

 **Diferenciais**

  

* Pós\\-Graduação ou Especialização em Negócios;
* Espanhol intermediário.

  

**Informações adicionais*** **Esta vaga também é destinada a pessoas com deficiência (PcD)**

 **Nossos benefícios:**

  

PLR atrativo;


Plano Odontológico;


Plano Médico;


Vale Refeição e Vale Alimentação no cartão Flash no valor de R$1\\.250,00 ao mês;


Previdência Privada (para os cargos elegíveis);


 Seguro de Vida;


 Auxílio para filhos com deficiência (PCD) \\- apoio financeiro especial para todos os colaboradores CLT que possuem filhos com deficiência, **sem limite de idade**. Um benefício pensado para oferecer mais tranquilidade e suporte para você e sua família.


Wellhub (antigo Gympass);


Day off aniversário \\- um dia de folga no mês do seu aniversário;


Capacitação Profissional: Scala Academy, Programa de Idiomas, LinkedIn Learning.

  

Na **Scala Data Centers**, estamos **liderando a transformação da infraestrutura digital na América Latina**, combinando **inovação, pioneirismo e sustentabilidade** para **\\#HabilitarOFuturo**.


Se você quer crescer em um ambiente dinâmico e de alto impacto, venha fazer parte do time que está construindo o amanhã!","","https://br.indeed.comNone","","","","","","","","","","","",""
"in-bfa17b73390e1c10","indeed","https://br.indeed.com/viewjob?jk=bfa17b73390e1c10","https://bradesco.csod.com/ux/ats/careersite/1/home/requisition/80991?c=bradesco","Engenheiro Sênior de Cybersecurity | Cloud IAM","","Osasco, SP, BR","2026-02-23","","","","","","",False,"","","","","**Sobre o Bradesco**


O Bradesco é um dos maiores grupos financeiros do Brasil, com uma história marcada pelo pioneirismo e inovação. Por meio da nossa carteira amplamente diversificada de produtos financeiros, serviços bancários e de seguros contribuímos com a realização das pessoas e o crescimento sustentável de empresas e sociedade. Venha fazer parte do nosso ecossistema financeiro e impactar a experiência de milhões de pessoas!


No Bradesco valorizamos a diversidade em todas as suas formas. Por isso, as nossas vagas são abertas a todas as pessoas, independentemente de gênero, raça, orientação sexual, deficiência, idade ou qualquer outra característica.


Saiba mais em https://banco.bradesco/html/classic/sobre/index.shtm


**Responsabilidades e atribuições**


O que é o nosso time de Cyber Security?  

  

Somos dedicados a proteger os ativos, informações e nossos funcionários. Trabalhamos proativamente para identificar e mitigar riscos, respondendo rapidamente a incidentes e promovendo uma cultura de segurança em toda a organização. Nosso compromisso é com a integridade, a confidencialidade e a disponibilidade dos recursos corporativos, assegurando a continuidade dos negócios e a confiança de nossos clientes


Modelo de trabalho: Híbrido \\- 3x Presencial


Unidade: Osasco (SP), Curitiba, Uberlândia ou Recife.

**Como será seu dia a dia?**


Sendo Engenheiro Sênior de Cybersecurity \\| Cloud IAM, atuará na gerência Soluções IAM e suas principais atividades serão:

* Terá atuação estratégica e técnica, indo além da operação;
* Garantir que as decisões de identidade em cloud sejam seguras, escaláveis e alinhadas ao negócio, atuando como ponto focal de Cloud IAM;
* Definir e evoluir a arquitetura de Cloud IAM para AWS, Azure e GCP;
* Implementar e revisar políticas complexas de IAM em ambientes multi\\-cloud;
* Liderar tecnicamente projetos de migração, modernização e adoção de cloud;
* Atuar ativamente em auditorias internas e externas, fornecendo evidências e explicações técnicas;
* Propor melhorias contínuas nos controles de identidade em cloud;

**Requisitos e Qualificações**


O que você precisa ter ou saber?

* Experiência sólida com AWS IAM, Azure Entra ID e GCP IAM;
* Experiência com federation, cross\\-account access, Conditional Access e MFA;
* Conhecimento em CIEM, PAM e IGA integrados à cloud;
* Automação avançada com Terraform, APIs e scripts;
* Conhecimento em NIST, CIS Benchmarks e Zero Trust Architecture;
* Experiência em ambientes regulados e de grande porte.


Será um diferencial se você tiver:

* Certificações cloud ou segurança (AWS, Azure ou GCP – nível Professional ou equivalente).

**O que nós oferecemos**


No Bradesco valorizamos a saúde e bem\\-estar, oferecendo um extenso portfólio de benefícios a todas nossas pessoas funcionárias:


* PLR ou Bônus: Conforme a elegibilidade de cargo\\*


* Convênio Médico


* Convênio Odontológico


* Seguro de Vida


* Vale Alimentação


* Vale Refeição


* 13º Cesta Alimentação


* Total Pass


* Vale Transporte (adesão opcional)


* Descontos em produtos e serviços em empresas parceiras


* Previdência Privada (adesão opcional, com participação financeira da Organização Bradesco)


* Viva Bem Bradesco: programa de saúde, bem\\-estar e qualidade de vida


* Unibrad: Universidade Corporativa Bradesco


* Isenção de Tarifas: condições especiais em diversos produtos e serviços


* Auxílio Creche ou Babá


* Licença Paternidade estendida de 20 dias


* Licença Maternidade de 180 dias, acompanhamento assistencial da gestação até o pós\\-parto","","https://br.indeed.comNone","","","","","","","","","","","",""
"in-c41b4a3bd09e831d","indeed","https://br.indeed.com/viewjob?jk=c41b4a3bd09e831d","https://www.amazon.jobs/jobs/3179179/operations-manager-packaging-row-packaging-programs?cmpid=DA_INAD200785B","Operations Manager, Packaging, ROW Packaging Programs","","Cajamar, SP, BR","2026-02-09","fulltime","","","","","",False,"","","","","**DESCRIPTION**
---------------


Are you interested in driving significant packaging waste reduction projects for Amazon and make a difference in the world of sustainability? We're looking for an experienced, driven, analytical, and creative Senior Operations Manager to drive e\\-commerce packaging projects. This is an exciting opportunity to join a growing team in an emerging business at Amazon. This role will be responsible to drive Packaging projects and continuous improvement initiatives and leverage best practices from other geographies across RoW (GCC, LATAM, IN/JP). This leader will be a natural self\\-starter who is comfortable supporting both daily execution activities and large, complex and cross\\-functional projects.  

  

At Amazon, we're working to be the most customer\\-centric company on earth and are constantly looking for ways to improve. Our team drives innovation while supporting continuous operational improvement. To get there, we need exceptionally talented, bright, and driven people. In this role, you will be responsible for developing and scaling up sustainable e\\-commerce packaging standards and sustainable packaging solutions. To be successful, you will need excellent communication, negotiation and influencing skills to drive consensus across multiple stakeholders. We interface with Operations, Engineering, Category, Finance, Procurement, Data Science, and Global Packaging teams to identify and execute solutions that improve Customer experience by reducing waste and damages in packaging, while also driving significant savings for Amazon.  

  

This opportunity requires excellent troubleshooting, problem solving, and the ability to succeed in a fast\\-paced, ambiguous and technical environment. Ownership of work is extremely important, and candidates should have a proven record of driving projects and strategic initiatives to completion. The ideal candidate is motivated, optimistic and agile; with strong time management and project management skills.  

  

We are looking for:  

  

Experience in English\\-language communication skills, both written and verbal  

Demonstrated ability to analyze data from multiple sources (warehouse management systems, quality metrics, supplier data, and operational dashboards) to drive decision\\-making and identify improvement opportunities  

Experience managing multiple projects simultaneously with strong prioritization skills  

Experience in stakeholder management across various organizational levels  

  

Desired Experience:  

  

Experience in packaging operations, including material selection, packaging design, and supply chain optimization  

Experience managing cross\\-functional projects involving procurement, logistics, and fulfillment operations  

Knowledge of packaging compliance standards, testing protocols, and quality assurance processes  

Experience developing and applying AI tools for operational optimization, or process automation

**BASIC QUALIFICATIONS**
------------------------

* Bachelor's degree or equivalent
* Work a flexible schedule/shift/work area, including weekends, nights, and/or holidays
* Experience in employee and performance management

**PREFERRED QUALIFICATIONS**
----------------------------

* Experience in English\\-language communication skills, both written and verbal
* Experience with performance metrics and process improvement and Lean techniques

  

Our inclusive culture empowers Amazonians to deliver the best results for our customers. If you have a disability and need a workplace accommodation or adjustment during the application and hiring process, including support for the interview or onboarding process, please visit https://amazon.jobs/content/en/how\\-we\\-hire/accommodations for more information. If the country/region you’re applying in isn’t listed, please contact your Recruiting Partner.","","https://br.indeed.comNone","","","","","","","","","","","",""
"in-ee6bac18e5d8ef5c","indeed","https://br.indeed.com/viewjob?jk=ee6bac18e5d8ef5c","https://www.amazon.jobs/jobs/3161839/gerente-de-rea--recmformados-e-futuros-graduados-brcf?cmpid=DA_INAD200785B","Gerente de Área - (Recém-formados e Futuros Graduados), BRCF","","Campinas, SP, BR","2026-01-19","fulltime","","","","","",False,"","","","","**DESCRIPTION**
---------------


Na Amazon, trabalhamos para ser a empresa mais centrada no cliente do planeta. Desde a nossa fundação em 1994, evoluímos de uma livraria online para líder global em tecnologia em e\\-commerce, computação em nuvem, streaming digital e inteligência artificial. Distribuímos milhões de produtos todos os anos para nossos clientes fiéis em mais de 100 países. Nosso espírito inovador nos impulsiona a constantemente desafiar limites e redefinir o que é possível em logística e entrega.  

  

Key job responsibilities  

A equipe de Operações da Amazon está buscando uma pessoa recém\\-formada altamente qualificada e motivada para trabalhar na gestão do controle diário de estoque, garantia de qualidade e atividades de capacidade do nosso Armazém. As atividades de controle de estoque e garantia de qualidade desempenham um papel fundamental na implementação das melhores práticas de Acondicionamento e Separação, bem como na gestão da capacidade do Armazém, impactando diretamente na capacidade da Amazon de atender os clientes no prazo.  

  

Principais responsabilidades  

* Apoiar, orientar e motivar 50\\-100 Associados Amazon sob sua supervisão direta
* Trabalhar de forma independente e operar em um ambiente autônomo
* Ficar em pé/caminhar durante turnos de até 12 horas
* Disposição e capacidade de trabalhar regularmente em padrões de turno que incluem noites, fins de semana e/ou feriados com base nas necessidades do negócio.

Embora os turnos variem de local para local, a maioria segue uma semana de trabalho fixa de 3x2  

  

* Supervisionar entregas de caminhões, manusear e classificar pacotes usando paleteiras, operar equipamentos PIT (em instalações aplicáveis) e intervir quando necessário


• Trabalhar em um ambiente onde o nível de ruído varia • Levantar até 22 quilos e frequentemente empurrar, puxar, agachar, curvar e alcançar  

* Subir e descer escadas (quando aplicável)

  

QUALIFICAÇÕES BÁSICAS
  

* Concluiu o curso de Engenharia ou área correlata nos últimos 24 meses \\[OU] cursando o último semestre da graduação \\[OU] mestrado/doutorado em Engenharia ou área correlata

  

QUALIFICAÇÕES PREFERÍVEIS  

* Fortes habilidades de comunicação, tanto verbal quanto escrita
* Excelente atendimento ao cliente e habilidades interpessoais
* Conhecimento avançado em pacote office
* Inglês intermediário B2\\+ ou superior

  

A Amazon está comprometida com um ambiente de trabalho diverso e inclusivo. A Amazon é uma empregadora que oferece oportunidades iguais e não discrimina com base em raça, nacionalidade, gênero, identidade de gênero, orientação sexual, status de veterano protegido, deficiência, idade ou outros status legalmente protegidos.  

  

Nossa remuneração reflete o custo da mão de obra nos mercados geográficos do Brasil. O salário\\-base para este cargo permanente em tempo integral de R$12\\.000 por mês (além das RSUs da Amazon e dos Pagamentos de Adesão no Ano 1 e Ano 2\\).**BASIC QUALIFICATIONS**
------------------------

* Bachelor's degree or equivalent

**PREFERRED QUALIFICATIONS**
----------------------------

* Are enrolled in a Bachelor's degree

  

Our inclusive culture empowers Amazonians to deliver the best results for our customers. If you have a disability and need a workplace accommodation or adjustment during the application and hiring process, including support for the interview or onboarding process, please visit https://amazon.jobs/content/en/how\\-we\\-hire/accommodations for more information. If the country/region you’re applying in isn’t listed, please contact your Recruiting Partner.","","https://br.indeed.comNone","","","","","","","","","","","",""
"in-dde224516152f739","indeed","https://br.indeed.com/viewjob?jk=dde224516152f739","https://www.amazon.jobs/jobs/3161839/gerente-de-rea--recmformados-e-futuros-graduados-brcf?cmpid=DA_INAD200785B","Gerente de Área - (Recém-formados e Futuros Graduados), BRCF","","Cajamar, SP, BR","2026-01-19","fulltime","","","","","",False,"","","","","**DESCRIPTION**
---------------


Na Amazon, trabalhamos para ser a empresa mais centrada no cliente do planeta. Desde a nossa fundação em 1994, evoluímos de uma livraria online para líder global em tecnologia em e\\-commerce, computação em nuvem, streaming digital e inteligência artificial. Distribuímos milhões de produtos todos os anos para nossos clientes fiéis em mais de 100 países. Nosso espírito inovador nos impulsiona a constantemente desafiar limites e redefinir o que é possível em logística e entrega.  

  

Key job responsibilities  

A equipe de Operações da Amazon está buscando uma pessoa recém\\-formada altamente qualificada e motivada para trabalhar na gestão do controle diário de estoque, garantia de qualidade e atividades de capacidade do nosso Armazém. As atividades de controle de estoque e garantia de qualidade desempenham um papel fundamental na implementação das melhores práticas de Acondicionamento e Separação, bem como na gestão da capacidade do Armazém, impactando diretamente na capacidade da Amazon de atender os clientes no prazo.  

  

Principais responsabilidades  

* Apoiar, orientar e motivar 50\\-100 Associados Amazon sob sua supervisão direta
* Trabalhar de forma independente e operar em um ambiente autônomo
* Ficar em pé/caminhar durante turnos de até 12 horas
* Disposição e capacidade de trabalhar regularmente em padrões de turno que incluem noites, fins de semana e/ou feriados com base nas necessidades do negócio.

Embora os turnos variem de local para local, a maioria segue uma semana de trabalho fixa de 3x2  

  

* Supervisionar entregas de caminhões, manusear e classificar pacotes usando paleteiras, operar equipamentos PIT (em instalações aplicáveis) e intervir quando necessário


• Trabalhar em um ambiente onde o nível de ruído varia • Levantar até 22 quilos e frequentemente empurrar, puxar, agachar, curvar e alcançar  

* Subir e descer escadas (quando aplicável)

  

QUALIFICAÇÕES BÁSICAS
  

* Concluiu o curso de Engenharia ou área correlata nos últimos 24 meses \\[OU] cursando o último semestre da graduação \\[OU] mestrado/doutorado em Engenharia ou área correlata

  

QUALIFICAÇÕES PREFERÍVEIS  

* Fortes habilidades de comunicação, tanto verbal quanto escrita
* Excelente atendimento ao cliente e habilidades interpessoais
* Conhecimento avançado em pacote office
* Inglês intermediário B2\\+ ou superior

  

A Amazon está comprometida com um ambiente de trabalho diverso e inclusivo. A Amazon é uma empregadora que oferece oportunidades iguais e não discrimina com base em raça, nacionalidade, gênero, identidade de gênero, orientação sexual, status de veterano protegido, deficiência, idade ou outros status legalmente protegidos.  

  

Nossa remuneração reflete o custo da mão de obra nos mercados geográficos do Brasil. O salário\\-base para este cargo permanente em tempo integral de R$12\\.000 por mês (além das RSUs da Amazon e dos Pagamentos de Adesão no Ano 1 e Ano 2\\).**BASIC QUALIFICATIONS**
------------------------

* Bachelor's degree or equivalent

**PREFERRED QUALIFICATIONS**
----------------------------

* Are enrolled in a Bachelor's degree

  

Our inclusive culture empowers Amazonians to deliver the best results for our customers. If you have a disability and need a workplace accommodation or adjustment during the application and hiring process, including support for the interview or onboarding process, please visit https://amazon.jobs/content/en/how\\-we\\-hire/accommodations for more information. If the country/region you’re applying in isn’t listed, please contact your Recruiting Partner.","","https://br.indeed.comNone","","","","","","","","","","","",""
"in-92b2703ffe16ad7f","indeed","https://br.indeed.com/viewjob?jk=92b2703ffe16ad7f","https://www.amazon.jobs/jobs/3068733/gerente-de-rea--recmformados-e-futuros-graduados?cmpid=DA_INAD200785B","Gerente de Área - (Recém-formados e Futuros Graduados)","","Cajamar, SP, BR","2025-08-28","fulltime","","","","","",False,"","","","","**DESCRIPTION**
---------------


Na Amazon, trabalhamos para ser a empresa mais centrada no cliente do planeta. Desde a nossa fundação em 1994, evoluímos de uma livraria online para líder global em tecnologia em e\\-commerce, computação em nuvem, streaming digital e inteligência artificial. Distribuímos milhões de produtos todos os anos para nossos clientes fiéis em mais de 100 países. Nosso espírito inovador nos impulsiona a constantemente desafiar limites e redefinir o que é possível em logística e entrega.  

  

Key job responsibilities  

A equipe de Operações da Amazon está buscando uma pessoa recém\\-formada altamente qualificada e motivada para trabalhar na gestão do controle diário de estoque, garantia de qualidade e atividades de capacidade do nosso Armazém. As atividades de controle de estoque e garantia de qualidade desempenham um papel fundamental na implementação das melhores práticas de Acondicionamento e Separação, bem como na gestão da capacidade do Armazém, impactando diretamente na capacidade da Amazon de atender os clientes no prazo.  

  

Principais responsabilidades  

* Apoiar, orientar e motivar 50\\-100 Associados Amazon sob sua supervisão direta
* Trabalhar de forma independente e operar em um ambiente autônomo
* Ficar em pé/caminhar durante turnos de até 12 horas
* Disposição e capacidade de trabalhar regularmente em padrões de turno que incluem noites, fins de semana e/ou feriados com base nas necessidades do negócio.

Embora os turnos variem de local para local, a maioria segue uma semana de trabalho fixa de 3x2  

  

* Supervisionar entregas de caminhões, manusear e classificar pacotes usando paleteiras, operar equipamentos PIT (em instalações aplicáveis) e intervir quando necessário


• Trabalhar em um ambiente onde o nível de ruído varia • Levantar até 22 quilos e frequentemente empurrar, puxar, agachar, curvar e alcançar  

* Subir e descer escadas (quando aplicável)

  

QUALIFICAÇÕES BÁSICAS
  

* Concluiu o curso de Engenharia ou área correlata nos últimos 24 meses \\[OU] cursando o último semestre da graduação \\[OU] mestrado/doutorado em Engenharia ou área correlata

  

QUALIFICAÇÕES PREFERÍVEIS  

* Fortes habilidades de comunicação, tanto verbal quanto escrita
* Excelente atendimento ao cliente e habilidades interpessoais
* Conhecimento avançado em pacote office
* Inglês intermediário B2\\+ ou superior

  

A Amazon está comprometida com um ambiente de trabalho diverso e inclusivo. A Amazon é uma empregadora que oferece oportunidades iguais e não discrimina com base em raça, nacionalidade, gênero, identidade de gênero, orientação sexual, status de veterano protegido, deficiência, idade ou outros status legalmente protegidos.  

  

Nossa remuneração reflete o custo da mão de obra nos mercados geográficos do Brasil. O salário\\-base para este cargo permanente em tempo integral de R$12\\.000 por mês (além das RSUs da Amazon e dos Pagamentos de Adesão no Ano 1 e Ano 2\\).**BASIC QUALIFICATIONS**
------------------------

* Bachelor's degree or equivalent

**PREFERRED QUALIFICATIONS**
----------------------------

* Are enrolled in a Bachelor's degree

  

Our inclusive culture empowers Amazonians to deliver the best results for our customers. If you have a disability and need a workplace accommodation or adjustment during the application and hiring process, including support for the interview or onboarding process, please visit https://amazon.jobs/content/en/how\\-we\\-hire/accommodations for more information. If the country/region you’re applying in isn’t listed, please contact your Recruiting Partner.","","https://br.indeed.comNone","","","","","","","","","","","",""
"li-4376582075","linkedin","https://www.linkedin.com/jobs/view/4376582075","","Software Volume Tester (SVT Engineer)","Netcracker Technology","Campinas, São Paulo, Brazil","2026-02-23","","","","","","",False,"","","","","","","https://www.linkedin.com/company/netcrackertech","","","","","","","","","","","",""
"li-4337899562","linkedin","https://www.linkedin.com/jobs/view/4337899562","","Cientista de dados Pleno","Cielo","Barueri, São Paulo, Brazil","2026-02-22","","","","","","",False,"","","","","","","https://br.linkedin.com/company/cielo","","","","","","","","","","","",""
"li-4367943018","linkedin","https://www.linkedin.com/jobs/view/4367943018","","Staff Software Engineer - Indaiatuba/SP","John Deere","Indaiatuba, São Paulo, Brazil","2026-02-22","","","","","","",False,"","","","","","","https://www.linkedin.com/company/john-deere","","","","","","","","","","","",""
"li-4367249868","linkedin","https://www.linkedin.com/jobs/view/4367249868","","Data Scientist for Supply Chain Data Solutions Development","4flow","Campinas, São Paulo, Brazil","2026-02-21","","","","","","",False,"","","","","","","https://de.linkedin.com/company/4flow","","","","","","","","","","","",""
"li-4355788660","linkedin","https://www.linkedin.com/jobs/view/4355788660","","Data Scientist","Amaris Consulting","Campinas, São Paulo, Brazil","","","","","","","",False,"","","","","","","https://ch.linkedin.com/company/amarisconsulting","","","","","","","","","","","",""
"li-4377021839","linkedin","https://www.linkedin.com/jobs/view/4377021839","","Senior  Software Engineer","John Deere","Indaiatuba, São Paulo, Brazil","","","","","","","",False,"","","","","","","https://www.linkedin.com/company/john-deere","","","","","","","","","","","",""
"li-4374544102","linkedin","https://www.linkedin.com/jobs/view/4374544102","","Sr Data Scientist","Ria Money Transfer","Barueri, São Paulo, Brazil","","","","","","","",False,"","","","","","","https://www.linkedin.com/company/ria-financial","","","","","","","","","","","",""
"li-4376021784","linkedin","https://www.linkedin.com/jobs/view/4376021784","","Middle PHP Software Engineer (PHP Developer) ID50679","AgileEngine","Campinas, São Paulo, Brazil","","","","","","","",False,"","","","","","","https://www.linkedin.com/company/agileengine","","","","","","","","","","","",""
"li-4376038093","linkedin","https://www.linkedin.com/jobs/view/4376038093","","Middle PHP Software Engineer (PHP Developer) ID50679","AgileEngine","Sorocaba, São Paulo, Brazil","","","","","","","",False,"","","","","","","https://www.linkedin.com/company/agileengine","","","","","","","","","","","",""
